email,plan
user143@wiselearnershub.com,PROFESSIONAL_BASIC_PLAN
user131@virtualwise.org,EDUCATION_PRO_PLAN
user51@academyforge.io,PROFESSIONAL_PRO_PLAN
user12@thinktrain.io,CUSTOM_PLAN
user182@studyline.org,EDUCATION_BASIC_PLAN
user165@studyhorizon.net,CUSTOM_PLAN
user239@mindboostedu.io,PROFESSIONAL_BASIC_PLAN
user184@learnandgrow.net,PROFESSIONAL_PRO_PLAN
user148@skillzone.io,CUSTOM_PLAN
user21@edulevelup.net,EDUCATION_PRO_PLAN
user330@smartexplore.io,EDUCATION_PRO_PLAN
user233@infiniteedu.net,EDUCATION_PRO_PLAN
user75@talentpath.org,EDUCATION_PRO_PLAN
user67@talenttrain.org,FREE_2Q_PLAN
user256@smartexplore.io,FREE_2Q_PLAN
user276@edusync.com,PROFESSIONAL_PRO_PLAN
user312@randomedu.com,EDUCATION_BASIC_PLAN
user92@skillupnow.io,PROFESSIONAL_BASIC_PLAN
user150@skillforge.org,FREE_2Q_PLAN
user35@pathfinderedu.io,PROFESSIONAL_BASIC_PLAN
user254@mindsetedu.org,CUSTOM_PLAN
user42@edukey.io,CUSTOM_PLAN
user232@studygenius.org,FREE_2Q_PLAN
user4@learnsynergy.org,PROFESSIONAL_BASIC_PLAN
user238@skillpeak.io,EDUCATION_BASIC_PLAN
user218@upgradeyourmind.org,EDUCATION_BASIC_PLAN
user246@growtalent.org,PROFESSIONAL_PRO_PLAN
user160@studyforward.org,EDUCATION_BASIC_PLAN
user317@futureedu.net,FREE_2Q_PLAN
user283@learnelite.io,FREE_2Q_PLAN
user327@smartexplore.io,EDUCATION_PRO_PLAN
user153@edventuresonline.com,CUSTOM_PLAN
user333@eduplatform.net,EDUCATION_PRO_PLAN
user152@edulearn.net,EDUCATION_BASIC_PLAN
user213@upgradeyourmind.org,EDUCATION_PRO_PLAN
user80@edventurepro.io,PROFESSIONAL_BASIC_PLAN
user159@brightpathlearning.net,EDUCATION_BASIC_PLAN
user30@skillsynergy.io,PROFESSIONAL_BASIC_PLAN
user140@studywise.org,PROFESSIONAL_PRO_PLAN
user32@myedutrack.net,PROFESSIONAL_PRO_PLAN
user133@smartersteps.org,PROFESSIONAL_BASIC_PLAN
user66@edventurehub.com,FREE_2Q_PLAN
user260@futureedu.net,PROFESSIONAL_BASIC_PLAN
user247@digitalcampus.org,CUSTOM_PLAN
user162@betterpathpro.net,PROFESSIONAL_PRO_PLAN
user84@skilljourney.org,PROFESSIONAL_BASIC_PLAN
user91@mindtrail.net,PROFESSIONAL_PRO_PLAN
user23@skillacademypro.net,EDUCATION_BASIC_PLAN
user190@edutrackpro.com,CUSTOM_PLAN
user144@edulevelup.net,EDUCATION_PRO_PLAN
user304@edtechzone.org,CUSTOM_PLAN
user185@certacademy.net,PROFESSIONAL_BASIC_PLAN
user305@studynow.com,CUSTOM_PLAN
user186@educatalyst.org,CUSTOM_PLAN
user296@eduplatform.net,EDUCATION_BASIC_PLAN
user291@fasttrack.io,EDUCATION_BASIC_PLAN
user178@studygenius.org,PROFESSIONAL_PRO_PLAN
user230@betteredu.com,PROFESSIONAL_PRO_PLAN
user241@edventuresonline.com,PROFESSIONAL_BASIC_PLAN
user118@edupioneers.net,PROFESSIONAL_BASIC_PLAN
user139@eduinsightpro.net,EDUCATION_BASIC_PLAN
user181@studyline.org,PROFESSIONAL_BASIC_PLAN
user284@geniuspath.org,PROFESSIONAL_BASIC_PLAN
user212@edubrightnow.com,CUSTOM_PLAN
user120@virtualeduhub.org,PROFESSIONAL_PRO_PLAN
user249@academypluspro.org,FREE_2Q_PLAN
user22@edumastery.net,PROFESSIONAL_PRO_PLAN
user113@learnbetter.net,CUSTOM_PLAN
user157@onlinelearningpath.net,EDUCATION_PRO_PLAN
user65@skillsteps.net,FREE_2Q_PLAN
user325@brightmindpath.com,PROFESSIONAL_PRO_PLAN
user34@infiniteedu.net,PROFESSIONAL_BASIC_PLAN
user341@brightmindpath.com,PROFESSIONAL_BASIC_PLAN
user15@pathfinderedu.io,EDUCATION_BASIC_PLAN
user6@edumomentum.com,PROFESSIONAL_PRO_PLAN
user263@skillshub.net,CUSTOM_PLAN
user156@studywise.org,CUSTOM_PLAN
user7@edupioneers.net,EDUCATION_PRO_PLAN
user302@mindsetedu.org,CUSTOM_PLAN
user293@futureedu.net,FREE_2Q_PLAN
user68@onlinelearningpath.net,PROFESSIONAL_PRO_PLAN
user73@studyforward.org,PROFESSIONAL_BASIC_PLAN
user52@virtualstudies.org,CUSTOM_PLAN
user187@learnflow.net,EDUCATION_BASIC_PLAN
user103@brainlift.org,FREE_2Q_PLAN
user116@nexteduhub.com,PROFESSIONAL_PRO_PLAN
user86@learnproacademy.com,EDUCATION_BASIC_PLAN
user207@learnifyhub.com,PROFESSIONAL_BASIC_PLAN
user286@onlinecampus.io,EDUCATION_PRO_PLAN
user271@newlearnhub.org,PROFESSIONAL_BASIC_PLAN
user89@betteredu.com,FREE_2Q_PLAN
user170@edventurepro.io,EDUCATION_BASIC_PLAN
user264@virtualacademy.net,CUSTOM_PLAN
user299@randomedu.com,EDUCATION_BASIC_PLAN
user25@mindpathway.net,FREE_2Q_PLAN
user79@skillacademypro.net,FREE_2Q_PLAN
user1@growwise.net,CUSTOM_PLAN
user282@growthlearn.com,FREE_2Q_PLAN
user167@studytrack.io,FREE_2Q_PLAN
user155@myeduquest.com,EDUCATION_PRO_PLAN
user221@learnandgrow.net,PROFESSIONAL_PRO_PLAN
user244@edukey.io,CUSTOM_PLAN
user69@wisemindacademy.com,FREE_2Q_PLAN
user127@edspark.io,EDUCATION_PRO_PLAN
user59@betterpath.org,PROFESSIONAL_BASIC_PLAN
user337@futureedu.net,EDUCATION_PRO_PLAN
user255@educenter.org,PROFESSIONAL_BASIC_PLAN
user281@randomedu.com,EDUCATION_BASIC_PLAN
user307@edusync.com,CUSTOM_PLAN
user44@edustartup.com,FREE_2Q_PLAN
user328@trainingplus.com,PROFESSIONAL_BASIC_PLAN
user311@smartexplore.io,PROFESSIONAL_PRO_PLAN
user288@learnelite.io,FREE_2Q_PLAN
user280@smartexplore.io,FREE_2Q_PLAN
user100@academywave.io,EDUCATION_PRO_PLAN
user110@pathfinderedu.io,EDUCATION_BASIC_PLAN
user345@studynow.com,CUSTOM_PLAN
user77@mindtrack.org,FREE_2Q_PLAN
user55@academyboost.org,PROFESSIONAL_PRO_PLAN
user336@onlinecampus.io,FREE_2Q_PLAN
user223@edulearn.net,FREE_2Q_PLAN
user111@learnsphere.com,PROFESSIONAL_PRO_PLAN
user87@skillforge.org,EDUCATION_PRO_PLAN
user215@edutrails.com,PROFESSIONAL_PRO_PLAN
user217@academyboost.org,CUSTOM_PLAN
user24@onlinecertify.io,PROFESSIONAL_BASIC_PLAN
user201@edurekahub.org,PROFESSIONAL_PRO_PLAN
user62@betteredu.com,EDUCATION_PRO_PLAN
user43@talentforge.net,FREE_2Q_PLAN
user339@newlearnhub.org,EDUCATION_BASIC_PLAN
user10@mindpathway.net,EDUCATION_BASIC_PLAN
user258@trainingplus.com,FREE_2Q_PLAN
user236@brightmindio.org,FREE_2Q_PLAN
user261@studynow.com,EDUCATION_PRO_PLAN
user183@certifyway.com,PROFESSIONAL_BASIC_PLAN
user332@skillshub.net,PROFESSIONAL_PRO_PLAN
user107@edventurous.io,FREE_2Q_PLAN
user61@talentforge.net,EDUCATION_PRO_PLAN
user38@skillupnow.io,EDUCATION_PRO_PLAN
user208@learnproacademy.com,EDUCATION_BASIC_PLAN
user199@skillsprint.org,FREE_2Q_PLAN
user202@eduonlinepro.com,EDUCATION_BASIC_PLAN
user149@studywise.org,CUSTOM_PLAN
user95@smartlearningpro.org,EDUCATION_BASIC_PLAN
user349@geniuspath.org,EDUCATION_BASIC_PLAN
user161@mindforward.com,PROFESSIONAL_PRO_PLAN
user206@wisemindacademy.com,FREE_2Q_PLAN
user294@mindsetedu.org,EDUCATION_PRO_PLAN
user142@skillzone.io,CUSTOM_PLAN
user63@digitalcampus.org,EDUCATION_PRO_PLAN
user324@newlearnhub.org,FREE_2Q_PLAN
user322@smartexplore.io,EDUCATION_PRO_PLAN
user3@growtalent.org,FREE_2Q_PLAN
user226@skillbuilder.io,CUSTOM_PLAN
user46@talentpath.org,EDUCATION_BASIC_PLAN
user342@smartexplore.io,PROFESSIONAL_PRO_PLAN
user195@edutraining.org,PROFESSIONAL_PRO_PLAN
user11@learnquest.io,CUSTOM_PLAN
user122@nextgenedu.net,PROFESSIONAL_BASIC_PLAN
user180@brighttrack.io,PROFESSIONAL_PRO_PLAN
user323@skillwave.org,FREE_2Q_PLAN
user36@edujourney.io,EDUCATION_PRO_PLAN
user5@onlinecampuspro.net,EDUCATION_BASIC_PLAN
user335@virtualacademy.net,EDUCATION_BASIC_PLAN
user191@talentforge.net,EDUCATION_BASIC_PLAN
user285@onlinecampus.io,EDUCATION_BASIC_PLAN
user18@studyline.org,CUSTOM_PLAN
user145@edumastery.net,PROFESSIONAL_BASIC_PLAN
user329@onlinecampus.io,EDUCATION_PRO_PLAN
user2@studyline.org,CUSTOM_PLAN
user224@learnforge.org,CUSTOM_PLAN
user135@upskillacademy.io,PROFESSIONAL_PRO_PLAN
user39@academyforge.io,EDUCATION_BASIC_PLAN
user203@skillsteps.net,FREE_2Q_PLAN
user179@virtualeduhub.org,CUSTOM_PLAN
user172@academypluspro.org,EDUCATION_BASIC_PLAN
user175@mindtrack.org,CUSTOM_PLAN
user70@virtualwise.org,EDUCATION_BASIC_PLAN
user168@nexteduhub.com,EDUCATION_BASIC_PLAN
user47@edutraining.org,PROFESSIONAL_BASIC_PLAN
user151@virtualcampus.org,EDUCATION_PRO_PLAN
user132@betterpath.org,CUSTOM_PLAN
user60@campusonlinepro.org,EDUCATION_PRO_PLAN
user93@learnbetter.net,CUSTOM_PLAN
user269@mindsetedu.org,EDUCATION_PRO_PLAN
user242@traininghubpro.org,EDUCATION_PRO_PLAN
user53@skillforge.org,PROFESSIONAL_PRO_PLAN
user40@academypluspro.org,CUSTOM_PLAN
user29@skillupnow.io,CUSTOM_PLAN
user114@skillpeak.io,CUSTOM_PLAN
user290@skillshub.net,FREE_2Q_PLAN
user295@edusync.com,EDUCATION_PRO_PLAN
user306@skillshub.net,EDUCATION_BASIC_PLAN
user193@edubrightnow.com,FREE_2Q_PLAN
user9@talentforge.net,EDUCATION_BASIC_PLAN
user331@mindsetedu.org,PROFESSIONAL_BASIC_PLAN
user41@edutrails.com,PROFESSIONAL_PRO_PLAN
user211@futuretrack.net,EDUCATION_BASIC_PLAN
user130@skillsprint.org,FREE_2Q_PLAN
user124@infinitelearning.net,PROFESSIONAL_BASIC_PLAN
user297@edusync.com,FREE_2Q_PLAN
user272@brightmindpath.com,CUSTOM_PLAN
user164@virtualgrowth.com,CUSTOM_PLAN
user245@learnsynergy.org,EDUCATION_PRO_PLAN
user267@mindsetedu.org,EDUCATION_PRO_PLAN
user123@skillsprint.org,FREE_2Q_PLAN
user134@smartersteps.org,FREE_2Q_PLAN
user146@brighttrack.io,PROFESSIONAL_PRO_PLAN
user104@virtualeduhub.org,CUSTOM_PLAN
user234@learnifyhub.com,EDUCATION_PRO_PLAN
user348@skillwave.org,EDUCATION_BASIC_PLAN
user268@skillwave.org,CUSTOM_PLAN
user253@onlinecampus.io,CUSTOM_PLAN
user37@mindtrack.org,EDUCATION_PRO_PLAN
user57@talentforge.net,EDUCATION_PRO_PLAN
user320@geniuspath.org,FREE_2Q_PLAN
user292@trainingplus.com,FREE_2Q_PLAN
user270@skillwave.org,EDUCATION_BASIC_PLAN
user273@virtualacademy.net,PROFESSIONAL_BASIC_PLAN
user108@nexteduhub.com,PROFESSIONAL_BASIC_PLAN
user19@virtualstudies.org,PROFESSIONAL_PRO_PLAN
user72@educatalyst.org,PROFESSIONAL_BASIC_PLAN
user121@brightmindlearning.net,PROFESSIONAL_BASIC_PLAN
user192@edupathfinder.com,PROFESSIONAL_PRO_PLAN
user220@academytrail.org,PROFESSIONAL_PRO_PLAN
user173@studyboost.io,PROFESSIONAL_BASIC_PLAN
user48@academyboost.org,EDUCATION_PRO_PLAN
user350@growthlearn.com,CUSTOM_PLAN
user16@learnandgrow.net,FREE_2Q_PLAN
user319@studynow.com,CUSTOM_PLAN
user158@virtualeduhub.org,FREE_2Q_PLAN
user101@myedutrack.net,PROFESSIONAL_PRO_PLAN
user94@edventuresonline.com,EDUCATION_BASIC_PLAN
user97@talentpath.org,PROFESSIONAL_BASIC_PLAN
user274@newlearnhub.org,FREE_2Q_PLAN
user27@learnsynergy.org,EDUCATION_BASIC_PLAN
user90@virtualeduhub.org,EDUCATION_BASIC_PLAN
user64@studyhubpro.io,EDUCATION_PRO_PLAN
user279@mindsetedu.org,FREE_2Q_PLAN
user262@learnelite.io,EDUCATION_BASIC_PLAN
user257@newlearnhub.org,FREE_2Q_PLAN
user50@smartered.io,PROFESSIONAL_BASIC_PLAN
user340@edusync.com,PROFESSIONAL_BASIC_PLAN
user228@talentforge.net,PROFESSIONAL_BASIC_PLAN
user205@learnsphere.com,EDUCATION_BASIC_PLAN
user251@geniuspath.org,PROFESSIONAL_PRO_PLAN
user31@brightmindpro.net,FREE_2Q_PLAN
user248@smartlearningpro.org,FREE_2Q_PLAN
user13@infiniteedu.net,EDUCATION_BASIC_PLAN
user275@geniuspath.org,EDUCATION_PRO_PLAN
user189@digitaledu.net,PROFESSIONAL_PRO_PLAN
user102@eduwise.io,PROFESSIONAL_PRO_PLAN
user197@growthpath.net,CUSTOM_PLAN
user343@eduplatform.net,PROFESSIONAL_PRO_PLAN
user209@edujourney.io,CUSTOM_PLAN
user318@skillshub.net,PROFESSIONAL_BASIC_PLAN
user240@elevateedu.net,PROFESSIONAL_BASIC_PLAN
user314@eduplatform.net,PROFESSIONAL_PRO_PLAN
user222@edushift.com,CUSTOM_PLAN
user194@edutrackpro.com,EDUCATION_BASIC_PLAN
user128@talenttrain.org,EDUCATION_PRO_PLAN
user28@certacademy.net,FREE_2Q_PLAN
user214@nextstepacademy.com,EDUCATION_PRO_PLAN
user98@academyplus.io,PROFESSIONAL_PRO_PLAN
user334@smartexplore.io,EDUCATION_PRO_PLAN
user237@betterpath.org,CUSTOM_PLAN
user109@studykey.com,EDUCATION_PRO_PLAN
user136@virtualcampus.org,EDUCATION_BASIC_PLAN
user316@studynow.com,CUSTOM_PLAN
user117@talentforge.net,EDUCATION_PRO_PLAN
user56@academywave.io,PROFESSIONAL_PRO_PLAN
user8@studyforward.org,EDUCATION_PRO_PLAN
user81@brightacademyhub.com,PROFESSIONAL_PRO_PLAN
user298@futureedu.net,CUSTOM_PLAN
user99@edspark.io,FREE_2Q_PLAN
user78@edulearners.net,PROFESSIONAL_BASIC_PLAN
user177@academytrail.org,CUSTOM_PLAN
user265@mindsetedu.org,EDUCATION_BASIC_PLAN
user225@brightmindio.org,EDUCATION_PRO_PLAN
user45@studyboost.io,FREE_2Q_PLAN
user321@brightmindpath.com,FREE_2Q_PLAN
user198@studyline.org,PROFESSIONAL_PRO_PLAN
user49@edulearners.net,PROFESSIONAL_BASIC_PLAN
user344@trainingplus.com,PROFESSIONAL_PRO_PLAN
user58@bettereduway.com,FREE_2Q_PLAN
user278@newlearnhub.org,CUSTOM_PLAN
user17@learnsphere.com,EDUCATION_PRO_PLAN
user76@learnproacademy.com,EDUCATION_PRO_PLAN
user126@mindstepsedu.com,FREE_2Q_PLAN
user106@smartstepsed.com,PROFESSIONAL_PRO_PLAN
user171@wiselearnershub.com,PROFESSIONAL_BASIC_PLAN
user300@randomedu.com,PROFESSIONAL_BASIC_PLAN
user303@futureedu.net,CUSTOM_PLAN
user188@path2growth.com,PROFESSIONAL_PRO_PLAN
user14@edupathpro.org,EDUCATION_PRO_PLAN
user71@skillsprint.org,FREE_2Q_PLAN
user125@studyhubpro.io,CUSTOM_PLAN
user346@futureedu.net,PROFESSIONAL_BASIC_PLAN
user289@educenter.org,PROFESSIONAL_BASIC_PLAN
user138@edujourney.io,FREE_2Q_PLAN
user315@skillwave.org,FREE_2Q_PLAN
user54@academypluspro.org,FREE_2Q_PLAN
user147@edupathpro.org,CUSTOM_PLAN
user141@learnforge.org,FREE_2Q_PLAN
user119@edukey.io,EDUCATION_PRO_PLAN
user219@nextleveled.com,FREE_2Q_PLAN
user266@brightmindpath.com,PROFESSIONAL_BASIC_PLAN
user115@edventureway.org,FREE_2Q_PLAN
user82@onlinecertify.io,EDUCATION_PRO_PLAN
user204@learnmomentum.com,PROFESSIONAL_BASIC_PLAN
user250@studyline.org,PROFESSIONAL_PRO_PLAN
user33@mindforward.com,PROFESSIONAL_PRO_PLAN
user231@skillpeak.io,PROFESSIONAL_BASIC_PLAN
user227@educatalyst.org,EDUCATION_BASIC_PLAN
user338@learnelite.io,EDUCATION_BASIC_PLAN
user287@smartexplore.io,PROFESSIONAL_PRO_PLAN
user169@learnandgrow.net,EDUCATION_BASIC_PLAN
user326@educenter.org,EDUCATION_BASIC_PLAN
user174@mylearningpro.com,PROFESSIONAL_PRO_PLAN
user96@edutrackpro.com,PROFESSIONAL_PRO_PLAN
user259@studynow.com,EDUCATION_PRO_PLAN
user235@bettereduway.com,CUSTOM_PLAN
user85@skillpeak.io,PROFESSIONAL_BASIC_PLAN
user105@skilljourney.org,FREE_2Q_PLAN
user20@betterpath.org,EDUCATION_BASIC_PLAN
user88@learnandgrow.net,PROFESSIONAL_PRO_PLAN
user112@learnline.net,EDUCATION_PRO_PLAN
user176@skillacademypro.net,PROFESSIONAL_BASIC_PLAN
user26@studygenius.org,EDUCATION_PRO_PLAN
user313@smartexplore.io,PROFESSIONAL_PRO_PLAN
user347@skillwave.org,FREE_2Q_PLAN
user163@certacademy.net,EDUCATION_PRO_PLAN
user277@studynow.com,CUSTOM_PLAN
user310@growthlearn.com,PROFESSIONAL_BASIC_PLAN
user196@smartskills.io,CUSTOM_PLAN
user74@smartered.io,CUSTOM_PLAN
user154@edventurous.io,PROFESSIONAL_BASIC_PLAN
user210@nextstepacademy.com,PROFESSIONAL_PRO_PLAN
user83@onlinecampuspro.net,EDUCATION_PRO_PLAN
user166@growtalent.org,FREE_2Q_PLAN
user309@newlearnhub.org,PROFESSIONAL_PRO_PLAN
user200@nextmindacademy.io,EDUCATION_PRO_PLAN
user229@futurelearnnow.net,FREE_2Q_PLAN
user129@studytrack.io,EDUCATION_PRO_PLAN
user216@nextleveled.com,EDUCATION_BASIC_PLAN
user252@virtualacademy.net,EDUCATION_PRO_PLAN
user137@betterpathpro.net,PROFESSIONAL_BASIC_PLAN
user308@newlearnhub.org,EDUCATION_PRO_PLAN
user243@thinktrain.io,PROFESSIONAL_BASIC_PLAN
user301@studynow.com,PROFESSIONAL_BASIC_PLAN